First Name,Last Name,Gender,Country,Age,Date,Id
Dulce,Abril,Female,United States,32,2017-10-15 00:00:00,1562
Mara,Hashimoto,Female,Great Britain,25,2016-08-16 00:00:00,1582
Philip,Gent,Male,France,36,2015-05-21 00:00:00,2587
Kathleen,Hanner,Female,United States,25,2017-10-15 00:00:00,3549
Nereida,Magwood,Female,United States,58,2016-08-16 00:00:00,2468
Gaston,Brumm,Male,United States,24,2015-05-21 00:00:00,2554
Etta,Hurn,Female,Great Britain,56,2017-10-15 00:00:00,3598
Earlean,Melgar,Female,United States,27,2016-08-16 00:00:00,2456
Vincenza,Weiland,Female,United States,40,2015-05-21 00:00:00,6548
